900500060080609000305008904008300009600054000402000030000430805800000706006097002,924573168187649523365128974718362459639754281452981637271436895893215746546897312,2184389900,31
000000000900000000080000000000037001800019200060000097000700006000302070200400050,123546789954178362786923514592837641847619235361254897439785126615392478278461953,5344110200,20
000000504010050900450000600600000490000906000000000000000501000000039000030000009,263197584718654923459283617621375498384916275597428361972541836146839752835762149,62504600,19
000000000000000000006705003000900004009050000370000500080000400000000630000006980,123468759457139268896725143561973824249851376378642591682397415915284637734516982,62505300,18
200907013000000000000000007000000300500070008900008601005060120000009080490800000,246957813137286495859143267678491352513672948924538671385764129761329584492815736,14081124000,23
360807409000000000000000587007604050800070100645000003406500301000900005001740806,362857419578419632914236587137624958829375164645198723496582371783961245251743896,343773700,32
060070204052010090001000658890006000000007903000000000200000000000080700000721069,368579214452618397971234658893146572126857943745392186287965431619483725534721869,86018600,26
000000460400000300600000000005018000200040800000900004000704050000000670008001000,123587469459126387687439521945218736271643895836975214392764158514892673768351942,5733293900,20
040500020520000000000002000010709006702608901000000070900000040005000080000007502,143576829526893714879412365318729456752648931694135278987251643235964187461387592,500112500,24
320041068000800009000007250090000000000360000000700020000070010630400900900023000,329541768567832149148697253496218537752364891813759426284976315631485972975123684,104268533000,25
000680700070020005306009210080060420007030080405090030691250074540003000708400000,214685793879321645356749218183567429927134586465892137691258374542973861738416952,66249600,35
000000010000400090002000080000000005000000809008002430005000003000003000000806007,346589712581427396792361584123948675467135829958672431815794263674213958239856147,64014500,18
030719540091023800002680910860007239009000600004890000000002300000360008003958000,638719542491523867572684913865147239719235684324896175986472351257361498143958726,31116600,36
008050000200100509504000207752601094040000060000000000680004925079500000320010000,198257346267143589534869217752631894843795162916428753681374925479582631325916478,280542400,31
000200000003400500601900000400000019960045300308602450190360780050020030834570000,549213876273486591681957243425738619967145328318692457192364785756821934834579162,108014900,35
000009040004000605000010093000001400000000000000086002026040000170003500000000060,213569748794238615685417293832951476561724839947386152326145987178693524459872361,18240321400,21
304002000000813040017496002009100060000009008000035000082000400100900800903520610,364752189295813746817496352539187264671249538428635971782361495156974823943528617,253819300,32
320017040080000010000900002030460789000890563006700420108200050000076000900108204,329617845684325917751984632532461789417892563896753421178249356243576198965138274,1100583200,35
000004000000050000000910005060000780000002641701000050000000007000007000000001000,125374869389256174476918235962145783538792641741683952253869417614527398897431526,1385322000,18
002000700510200000070040000059000100846071000000000098085000900001003000020009000,362158749514297386978346215259834167846971523137625498485762931791483652623519874,45516000,24
450002000000008003000040128000200319730004005090000700007306491100000000000401800,458132976216798543379645128584267319731984265692513784827356491143829657965471832,2241515400,29
000650809500780003000920007000000064090006070806230090078000500003510700000378940,237654819569781423184923657712895364395146278846237195978462531423519786651378942,113025500,33
007640002000000000200700000300064001000300000000000380600000005000100000003002000,137645892456289137289713456328964571591378264764521389612837945845196723973452618,534130100,18
025000730734060800800703400000005070200090300073842009090410020057000940010070000,125984736734261895869753412941635278286197354573842169398416527657328941412579683,23005500,34
000000075008000210006020000800013560175200403603754000400002051200009000350001008,912348675538697214746125839824913567175286493693754182467832951281579346359461728,34007700,33
041000200000410036020090080000501900500600000010900000092708000800060002000000000,341856279978412536625397184234571968589623417716984325192748653853169742467235891,514125600,24
500400000091702508702000300280500900043600850056908003625000139000201000000009620,538496271491732568762185394287543916943617852156928743625874139379261485814359627,66014900,36
064000021950080000807000950249000000000020590600901432431007009790042605006000004,364795821952183746817264953249538167173426598685971432431657289798342615526819374,501105000,36
056203000800006129127000063000000074579004010003807000000471000700600841640009002,956213487834756129127948563268195374579324618413867295382471956795632841641589732,24958000,36
000008600403600008020597314930000000107346209064100007019200870700083020080000000,571438692493612758628597314932875461157346289864129537319254876746983125285761943,24833900,36
600984000300000089000000526010607000050002004000050071000000005040010060000005140,625984317371526489489371526213647958758192634964853271132468795547219863896735142,181050400,26
800261000400009020000004860001600072040100638078000400704015306100000200900400000,835261947467389125219754863391648572542197638678523419724815396153976284986432751,575129900,32
000900204470800090095000007007000020049080576000040000010030000700450160534700980,681973254473825691295164837357691428149382576862547319916238745728459163534716982,1347313800,32
738000060000000700905003000204000030600000900000000000300000000070800002000000600,738124569126589743945673128214795836653218974897346215361952487479861352582437691,22004300,18
000004601000000000370080000000060015705010009600790300060070208000000006830000097,258934671146257983379681452493862715725413869681795324564179238917328546832546197,199044900,26
005083600063000000004690050910706300000100260056030007530809700080200500602045080,195483672763512498824697153918726345347158269256934817531869724489271536672345981,119134400,35
006800030013000208007003410000000004905038000040020500079082040000900000004105800,256814739413597268897263415368751924925438176741629583579382641182946357634175892,413614600,29
200004006000291000000005030060000020402000000001000004000002308000000400000300200,215734896386291547749685132567418923492563781831927654954172368123856479678349215,596776000,20
009000000000001792300000000000400000584070020000000004270000010000500073000007000,129745368458361792367289145612458937584973621793612854276834519841596273935127486,388087900,20
200004009409000300000030048020000400900000006010000000007301000800062710002000093,231684579489157362765239148326795481974813256518426937697341825853962714142578693,21952954600,25
000070000010049060402615000008023906000006710070000400700200000900000500200037601,356872194817349265492615378148723956529486713673591482761254839934168527285937641,516116400,29
003070040470000000006005130000003005000080300030090001000050000084007500000420700,153276849478139256296845137642713985519682374837594621721958463984367512365421798,72884700,24
004500632000000000800000000940200000080900000070805903009000000068139200007068300,194587632723691458856324179941273586385916724672845913439752861568139247217468395,8829992700,27
000450000000000064000200100000030000001500002506720003060100000700080591002070480,128456739359817264674293158287931645431568972596724813865149327743682591912375486,10663007800,26
400197080000004709070028000000003200090000400702000300206700054000600803340800007,435197682128564739679328541514983276893276415762415398286739154957641823341852967,299226800,30
600150020010000860003628050000040080000005000006000002300817095000090070000002010,648153729215479863793628154132946587479285631586731942364817295821594376957362418,41007800,27
009000000602705003700820060000000001060000000004308006308007000970080304200030000,459163278682745193731829465523976841867214539194358726318497652975682314246531987,30016696200,26
050000002070530000200000000000070009700009000010020708000900020300048000040000000,153467892879532146264891357438175269726389514915624738587916423391248675642753981,136031200,20
100054280000000003002000040006300008350000927290500000027000600009206070610007000,163754289475829163982163745746392518351648927298571436827435691539216874614987352,39256100,29
000003000600050029100000500080035000000910240406800900000008000000000090000090000,259163487638754129147289536982435671375916248416827953591348762824671395763592814,334062500,21
000041058013080900005090010000409073000210400100000002008136200031908600069050001,927641358413587926685392714852469173376215489194873562548136297731928645269754831,581517200,34
000068000007000000385000001000045120140007083000130006060420000204000908073080200,421368759697514832385279641936845127142697583758132496869421375214753968573986214,3468792400,30
054070016000904000921806000098000067560080001047000895013090020600030100009000000,854273916736914582921856734198345267562789341347621895413597628685432179279168453,493141300,33
070064023613709400200053001107000030300000106500371000902000807060085040000230010,875164923613729485249853761197642538324598176586371294932416857761985342458237619,496121700,36
209000000000070000080230000003082006000050271002600900000020013510460820326000700,239146587641578392785239164173982456968354271452617938894725613517463829326891745,2014454800,30
000500000600830104015040200000000948050400000007000005006003500079020000000009420,384512679692837154715946283261375948853491762947268315426183597579624831138759426,646985300,26
040002030000006049306009005090200500600000170201600080012083400003700021800000050,549172638187356249326849715498217563635498172271635984712583496953764821864921357,1018229900,31
005017093010000756000060001008100905140003000590000000001000000023000009000001080,265417893314289756789365241638124975147593628592678134951832467823746519476951382,81979200,26
100004702007263500000001000004080609360000000070045003005400000430506000000000005,153894762847263591296751348514382679362179854978645123725438916439516287681927435,42010700,27
010070380082300917300089040003002000000000050090030100000623801076040009100000000,419275386582364917367189245643512798721498653895736124954623871276841539138957462,15782400,30
097000030004000000000030000000574009903082040408000201800000000000000028509040000,197256834364718592285439167612574389953182746478693251836921475741365928529847613,27276155800,24
000387200800000600001000000410753026350090078009008035060400000180600002204800007,546387219827914653931562784418753926352196478679248135763425891185679342294831567,69762300,33
003000000276590143000000000001037082865904001032000009020009004040015000308000005,153246897276598143984173256491637582865924731732851469527389614649715328318462975,91020600,32
100206080040000030589000200004000000300180670000000400000000090000000040000908027,137246589246859731589317264614723958395184672728695413861472395972531846453968127,128038600,23
056302008004008000000007010607000001008000000015003000000200100002000000060000070,156342798274198356389567214627459831438671529915823647793284165542716983861935472,67960600,21
070030000005926000204800605000603584000009003483150096500790340000000069049000800,176534928835926471294817635912673584657489213483152796561798342728345169349261857,97012100,35
403600001908000200271000306080000010006310080700000000000080954000090100090031020,453627891968143275271958346384275619526319487719864532132786954847592163695431728,292057600,29
306000008500030007000040000020000000000003060000000100405060921000005304003000070,316257498542839617789146235128694753954713862637582149475368921261975384893421576,131029600,22
000805000730000054590000008000506000083040205007000040000001030079004000104000507,241835769738692154596417328412586973683749215957123846865971432379254681124368597,276321000,27
000002806980050002000870340810029003030010000276500001300007000700085030520060700,147392856983456172652871349815729463439618527276534981368147295791285634524963718,45010900,33
206010000070000061400007200000940810305070600900060005020000087007000900893024000,236418579578239461419657238762945813345871692981362745124596387657183924893724156,83019400,30
006000857001007002007005030002046009630001428000098500200510300000073000003062900,346129857581437692927685134852346719639751428174298563298514376465973281713862945,26006100,33
007804010804000063100036408940002000070400029010709030700901002002000300400000090,367824915854197263129536478945312687673485129218769534736941852592678341481253796,208432900,32
000000000700000805690800000000000590000059000951064000030000000000090036006030008,128345679743916825695827143264183597387259461951764382839671254412598736576432918,140031600,22
000000000300000000007000285000003000000267000700910000050000000070096000200304070,124578369385629147697431285512843796839267451746915823953782614478196532261354978,878207800,20
219500000000004000074900000508340267702609800036007000007096001020400300461000980,219563748853174629674982135598341267742659813136827594387296451925418376461735982,1414328900,35
000000825000000000000800601000000260230089400000000000105930000002004000400000010,314697825568321974729845631841753269236189457957462183185936742672514398493278516,4085096500,21
008000000600090000010080000006003005000000080271048000000032000000806000002000800,328164579645297138719385246486923715593671482271548693864732951957816324132459867,502105100,20
206000004700060328300200900600000000507090082000002600000000040160080000000510093,216839574749165328358247961621458739537691482894372615985723146163984257472516893,375084700,27
400003700005409036006000004824715069000600000001004508040208090050096000008000200,419563782285479136736821954824715369593682471671934528147258693352196847968347215,113025800,32
180950000070104008000080010000240300000006040000000169000069085098710000604020000,183952476576134928942687513869241357317596842425378169731469285298715634654823791,1524335700,29
900700610013050908080000040006000000354000800000863590201046009008097060069018200,945782613713654928682139745896475132354921876127863594271546389538297461469318257,87019700,35
000056000029700061000082000291000305004000800708009000000000790070400100006001053,137956248829734561645182937291648375364517829758329614413865792572493186986271453,105023700,28
090000070000209000000431002760800000081000000009004000000005080000300000003000201,192568374345279168678431592764813925281956437539724816426195783817342659953687241,243064400,21
400602000002000000051000000009000100000105008500043092090207000304981000800000020,437612589682459317951378246749826153263195478518743692195267834324981765876534921,328083700,26
038200600607000040020673000080960200902430007476000890000350000045001900003006405,538249671697185342124673589381967254952438167476512893269354718745821936813796425,38008500,35
000004000610005409000000315200500001075060030091002000000008690003000504964050080,359174268612835479748629315236587941475961832891342756527418693183796524964253187,8088835100,30
600010080000800062870020000200000000010200040060051200003590400000040038000738000,624315789359874162871629354235467891917283645468951273183596427796142538542738916,306069200,27
003400002000090004049207003061009350450632000008000000095060001010028005024300000,173456892582193674649287513261849357457632189938571426895764231316928745724315968,32055800,32
010400005926000041400090360050740896000000030009000104800000000000600000000000050,317426985926358741485197362152743896648219537739865124861532479593674218274981653,31937600,25
000400903000000046000039870005700000309204500006500000002608030543010000001340790,128476953937825146654139872215793684389264517476581329792658431543917268861342795,294076100,31
460000000050004700728605140200060070000057060030000001000030050000580900501000002,463718295159324786728695143285163479914257368637849521842931657376582914591476832,323073000,28
902000700405000060006000030003040000000000000018000400000403807000000300307009041,932156784475238169186794235253641978749385612618972453521463897894517326367829541,114311600,23
368590000920001000100023008000002030000100267247609500050000910000000002002005700,368597124924861375175423698516782439839154267247639581453278916791346852682915743,29007100,31
356000000000000000107000340700000090000007000030108000098070010603905000070003569,356241978489736125127859346765324891812597634934168257598672413643915782271483569,19680450700,26
000040002020087009070500000001000000700000020500708004060070200000030000098000070,153649782624187359879523146941256837786314925532798614465871293217935468398462571,39990025200,22
008030200402800000070004509060009300500762498200000070080200000005000000000900040,198537264452896137376124589867419325513762498249385671684271953935648712721953846,120027600,27
700083609000061432000092000850000300200009800006830297370900020900300106402000903,724583619598761432613492785859274361237619854146835297371946528985327146462158973,1152260100,36
037460519410900007005700000760200304900080700500600102150800476309000000008000030,237468519416935827895712643761259384924381765583647192152893476349176258678524931,36370000,35
000000750503716000400800090000047008046000532000503060600000000030070009819060300,128439756593716284467852193352647918746981532981523467674395821235178649819264375,243046000,30
000060207021750000760000000006087400817040000942030000690073040104690803000510009,358461297421759368769328514536987421817245936942136785695873142174692853283514679,127028700,35
030008000050702008000165700003000007000070309007000416129406073000000000300507900,731948265456732198298165734513694827642871359987253416129486573875319642364527981,45010000,30
000015408010000025000860731000539180000007006190000200000004500070290000002301800,236715498718943625945862731624539187853127946197486253389674512571298364462351879,173038600,31
590000062006052070007684390000308150400000000300000049000000703000000006000000004,594137862836952471127684395269348157415279638378516249641895723753421986982763514,24098100,26
500009040403000028006002000000001702000000009601200050000400010000108200000000000,512389647473516928896742531349651782257834169681297354925473816734168295168925473,325375700,22
004058060000607403010403057576000100100000000302180076400001530000564010800002600,734958261285617493619423857576239184198746325342185976467891532923564718851372649,133030000,35
007062000000000000430000600208000006500009000070000000700000001800000000003040705,157362489682194357439578612298413576516789234374625198725936841841257963963841725,522127500,19
800902006600080000102304000500003794700809600900000058401206003000030000000418025,835972146674185239192364587518623794743859612926741358451296873289537461367418925,626141700,33
006000007810600000000058062004586709000903080609100504750839400000200300300704005,246391857815627943973458162134586729527943681689172534752839416491265378368714295,52011700,35
003002105010000609000001000006010000201080700700000000000004000000100050000000000,463792185512348679879561234346217598251489763798635412135874926984126357627953841,36000200,18
054987210080040007719602830000070600805109000000020790007008000000090103102406070,354987216286341957719652834923574681875169342461823795537218469648795123192436578,71016100,36
020030009090000050004000003087206000000000070506000000000008917008940000062001085,621537849793482156854169723387216594249853671516794238435628917178945362962371485,11561609300,26
613000000080000100207150008020000006000090000000000450000910003000200005002030017,613428579589367124247159368128543796475691832396782451764915283831276945952834617,48341910100,24
806700103070080000020000000000000500000090000900007030060000000008100700010000000,846725193173489256529316478237861549654293817981547632465978321398152764712634985,146032300,18
420390610007026008091540027000700209034060071100000000013082050005030002000005090,428397615357126948691548327586714239234869571179253486913682754745931862862475193,17159500,35
200095000000407000000000054000708102803006007057300086010004069000961003004000015,241695378536487921978213654469758132823146597157329486312574869785961243694832715,374085700,31
307908000090316040000050000009060000000000005063000400000000060002000107000000050,317948526295316748486257319149563872728194635563782491931875264652439187874621953,155768900,21
000547812071806453485200907600000000000060140000480675507000090000000720000304080,369547812271896453485231967648715239752963148193482675517628394834159726926374581,707159600,36
000030000000000000008950000500000600000720000090000000045008003926410500800060902,152634789369871254478952316514389627683725491297146835745298163926413578831567942,2614590900,23
000000025000302000600008001000003000000500300000006050925840013080105000040000500,137694825458312769692758431519473286264581397873926154925847613786135942341269578,171050122000,24
000010000000000000020580300040000080000000076003000000000701000870600100030008600,354216798168379245729584361247165983915832476683497512596721834872643159431958627,264059900,19
096000000005481000004000510059000471007014095010005200700108000041000000068097100,196253748275481963384769512659832471827614395413975286732148659941526837568397124,315425800,32
000645000001000500400320970806010092010000708000060300608000030049280057000000820,397645281261879543485321976836517492514932768972468315628754139149283657753196824,111025000,31
070104086160000700805007001700000000406039570009070000901743000007000000040200090,273154986164398725895627431732516849416839572589472613951743268627981354348265197,441101100,30
100000400003020095000900000009000704407209000500007000700040000006000000000760008,192356487673824195854971236239685714467219853581437629728543961346198572915762348,8431912600,22
000000000300100004000075019000050000003000090000000035000000001500000000000200953,125469378379128564468375219214953687653781492987642135732596841591834726846217953,2251778000,18
200006100004930000800005300320009605048201000900000080030090050590700260086010009,253476198164938527879125346327849615648251973915367482732694851591783264486512739,27005800,32
800407006900308040300000008000000009200806000000904000003060000000103090600009200,812457936956328147347691528134275869279836415568914372493562781725183694681749253,13334019100,24
000030001000079300000802000104080630900067000000000050000308000040720000008000000,257436891481579326369812475124985637935267148876143952512398764643721589798654213,108033000,22
950801070000972010000563080000487000540009000007150804065004230000000000004018006,952841673683972415471563982126487359548329167397156824865794231219635748734218596,226220600,33
340002000000400000000006143074000321069040000000018060000000907200000030000000600,341572896986431275725896143874659321169243758532718469653124987218967534497385612,1803407000,24
083010700009300008107080500090000400300060807800000020400100000900000000001000000,283415769549376218167289534692738451314562897875941326426157983938624175751893642,22974300,23
000703004000002300300005000005000006000964000006801003000500000070300000000076000,128793564457612389369485127815237496732964815946851273693528741271349658584176932,73025900,21
980062000107000000006071090690000054702000980800000207208700036405000020000046000,983462175127589643546371892691827354732654981854913267218795436465138729379246518,105024600,31
008006100700000903300900704600000000002540306900203051000097508070824000000000007,498376125715482963326951784653718492182549376947263851234697518571824639869135247,82018300,30
000940000400706900000000000000102406000087309042605000000000800080219000004008000,125943678438726915679851234897132456561487329342695187913574862786219543254368791,121027400,25
900000600350406100000950830060009000800020000003704908400290706280000003706010029,941382675358476192672951834567839241894125367123764958415293786289647513736518429,5258186800,33
000030400000900300002010090000009246000050980000068057000400830023090004910703060,195632478678945321342817695581379246267154983439268157756421839823596714914783562,26102028200,30
806004173000001059001006000500429000467030802000060000000010700109000230020640981,856294173234781659971356428518429367467135892392867514683912745149578236725643981,28662000,34
070900048000000906609200000500001000000640000000500000200050860000010490400000000,172936548348175926659284137523791684817643259964528371291457863736812495485369712,75812700,22
300000020490000306706004010183000002007000084050009763030700041500640290802000007,315867429498215376726394815183476952967532184254189763639728541571643298842951637,209047000,34
400570001501400000807016094080027350000000000750030000000700800005682000290040060,429573681561498237837216594984127356312865479756934128643759812175682943298341765,71016100,31
000207000038090010020080000000060004049708000070900001000009000800600000000010500,415237689638495217927186435283561794149728356576943821364859172851672943792314568,110812229900,22
004003002000078000860002007005000004000007030029001070490715280037900400518030069,174653892952178346863492517785369124641527938329841675496715283237986451518234769,151043600,34
008000005060000000927500300082090060000000800000100004070000100651029470004000050,148236795365917248927548316482793561519462837736185924273654189651829473894371652,42662136200,26
380070200006309070097620503000060712000800069600000480060000020000097000501280004,384571296256349871197628543835964712742815369619732485968453127423197658571286934,540345900,33
000028001060007002080000003010000200009200874028003000940050310000000000000000097,394528761165347982287619543416875239539261874728493156942756318871934625653182497,757248400,25
072004806000000000503760001940000068020001000000080000000003000000040000230100000,172354896468219357593768241941532768826471539357986412614823975789645123235197684,121026600,22
000400030703601820608030094060000000084206709057000046019000000400019000832060000,195428637743691825628735194261947358384256719957183246519872463476319582832564971,197101700,33
934000100008900400150000090006830004000000000301000080000006002000005000000210000,934528167268971435157364298526839714489157623371642589713496852692785341845213976,163036900,22
001000000200000003630520000020005060000100270007002500302000050000000410000000390,471368925258719643639524187123475869586193274947682531312946758895237416764851392,2563578600,23
003500009000100007900040002040050000000000000000030000008400003400310006000009000,123567489584192367967843152241756938356981724879234615618475293492318576735629841,63014300,19
000000000905000010000050090000000000050000000809007063008042000620000007000006900,132469578945278316786153294264381759357694182819527463598742631621935847473816925,645155000,19
800400320300000094950008010008350001700000000240007980020000408009000200000020100,816479325372165894954238617698352741731984562245617983123596478589741236467823159,38160500,28
080010030160953000000000010000400050340000600005008040801300520030270860406580000,284617935167953482953842716712496358348125697695738241871364529539271864426589173,1940830900,31
000080032000000060000200080600000000035097620000030000000002000003500000700300005,146789532258143769379256184614825397835497621927631458561972843493518276782364915,37097382000,20
000000095070010006500000000000006000000098003060700200045000080000000040200504060,123687495479315826586429137832156974754298613961743258345961782617832549298574361,89779458300,21
000052000000000450400000802000008200000730008000000003081079004090520681000084095,678452139123896457459317862315948276962731548847265913581679324794523681236184795,100816762300,28
006050000000002006009000010803005060000100837070003900518030700000540600600000005,126357498384912576759684213893475162465129837271863954518236749937548621642791385,712169800,27
000000300600030000000470050050300080030001000070800039380000700290010000700000000,517268394649135278823479156452397681938641527176852439381924765295716843764583912,6244664400,22
000030158000000000001008000079000000000002000000070000000000000690005041000090260,246739158387154629951268374179486532463512897825973416512647983698325741734891265,1158261400,18
328019000004037802160820400200390000080702300000150200700083600000000930035000000,328419567594637812167825493256398174481762359973154286719283645642571938835946721,158036000,33
100000000273900510900100000000800000000700000000200184000300908620009703390000600,145623879273948516986157432419835267862714395537296184754361928621489753398572641,10590389900,26
000800000640100300000003000800209030000000091009001000010000048000000000000000260,123845679645197382798623154851269437236478591479351826512736948364982715987514263,32007200,19
561270430000000000000001800000000107040000000000906040700000510000705200050142070,561278439238459761479361852396524187145837926827916345782693514614785293953142678,439108700,26
900005008000081050000000490020060004700014000040037000407008003000000009000050000,912345678674981352358672491123569784786214935549837216467198523835726149291453867,254735200,23
802700040405601293096000000000937004701805030000002806200000000000314000500096010,832759641475681293196423785628937154741865932359142876213578469967314528584296317,139065700,33
003500960000200030000460815304092500500008200008000603802074000000000409000001020,143587962685219734927463815314692578569738241278145693832974156751326489496851327,516116500,30
107003000004607102082405000800051060015000040006040001000030908008192470529004003,167923584354687192982415736843751269215369847796248351471536928638192475529874613,160275500,36
509000071006009003000200069800005000070060004010000587000007000000900045790006000,529634871146789253387251469834175692975862134612493587458327916263918745791546328,176039700,26
005000000703004060001000000009760000000050090007009300100407600064500700002698540,245136978793284165681975423839761254416352897527849316158427639964513782372698541,2272522500,28
040000000850630009600200050004900002000000004000000567030000070200000940000402000,142579386857631429693248751514967832376825194928314567435196278261783945789452613,549160500,23
800002130200000090000000200012500349000001826009300710700009000020030470001700902,845962137236147598197853264612578349573491826489326715754219683928635471361784952,1164263000,31
738000600010000080000600100450030071020100000080020090070940006005000024000000010,738214659614395782592678143456839271923157468187426395871942536365781924249563817,1089659800,26
000906003900000006436108250700250000020080790040700020100820035000300007005469800,257946183918532476436178259789251364523684791641793528164827935892315647375469812,61013800,34
670000000800060030001007009000000050200000000010000000000004090006200300508000000,672139485849562137351847269763418952284953671915726843127384596496275318538691724,71754193800,18
020703001000000004007600000000000720600009000900057006500168000260900040000030060,425783691136592874897641352354816729671429583982357416549168237263975148718234965,990233000,25
000000000400001000129300000690000085000000720210050900070000000000000007040080209,735246198468591372129378546693127485584639721217854963872913654951462837346785219,508334426600,22
000040020250391060006052000005080630023004009080030702000028000032060008007403000,179846325258391467346752891715289634623174589984635712461528973532967148897413256,23315600,32
001023050400006038230000000008001900000004000000089540000002600100805007000060000,681423759457196238239578164348251976965734812712689543874312695196845327523967481,157400800,25
080000000647900200000000043712800300500360001030102005804000032025000007000000590,183274956647953218259681743712845369598367421436192875874519632925436187361728594,635152900,30
005200600300000040801000002000010020286009410030700000903107000000500080008000900,475231698329678541861945732597814326286359417134762859953187264742596183618423975,612136400,26
000009100000008600009200000096000002500127000000000000014030000000016000000000009,345769128271348695689251347196483572538127964427695831914832756752916483863574219,39255859500,19
000600005000004090000008200000401530002980000190500000067040001000209008029107403,713692845285714396946358217678421539532986174194573682367845921451239768829167453,3521785200,29
000006804206450073974200061000000400008300702700000000509600200467503100030009605,153796824286451973974238561321867459698345712745912386519684237467523198832179645,154034800,35
009004510051060007460075030600900300510038002000650080000090000004000960000800000,279384516351269847468175239682917354517438692943652781126593478834721965795846123,25006400,29
046000100050000040008020060020800090800300507500000080080000010000000800000001600,246539178159678243378124965427815396891346527563297481682453719715962834934781652,10130295600,22
300000090281490700009700104000009000000000020000382000052000319904230007070000840,347815296281496735569723184128549673435167928796382451852674319914238567673951842,32323304500,30
000058023000409750564000010009064000700003000006070004007040008050000690000300507,971658423238419756564237819389164275745823961126975384697542138453781692812396547,126397500,29
370000600000086000608100000000800020006000000200530000500000032063008050007040006,371254689452986173698173245745869321836412597219537468584691732163728954927345816,14308229200,24
090605000060000408000180560038490020000563840000020019004016700000034100071208004,893645271165372498247189563738491625912563847456827319384916752529734186671258934,88019800,35
000000002300000400090003010800000000520080000040905008000800650705004001000050000,154678392367129485298543716871236549529487163643915278432891657785364921916752834,473106700,22
010080027030000004000060058100002000083794002074516039000600200020149600405320000,516483927938257164742961358159832476683794512274516839891675243327149685465328791,189052400,35
000002700004001005000000041500200100020300090300600500000450920000903408080100000,135842769264791835978536241546279183827315694391684572613458927752963418489127356,684154400,26
361800400090340100005000007050010003906030801010708000020003740007086030000407000,361879452792345186485261397854612973976534821213798564628153749147986235539427618,1016364000,32
600000000000002100000610000064000000200000000030027000806000000005006002003040086,612354798348792165759618234964531827287469513531827649826973451495186372173245986,8194849500,20
630000000000000290915030600190300020320097800000600000000070060700005040009000070,632489157478156293915732684196348725324597816587621439241973568763815942859264371,136030000,26
000080007000340000368000000416070009093004000000036000000000050807000010000000040,124685397579342168368197524416578239793214685285936471641729853857463912932851746,151479400,22
000200000500006000000003000600070000000030000800000000030460000100007609400000057,314258796527196438968743125641579283275831964893624571739465812152387649486912357,168321803500,18
003000920028009000509802701031000870004000352007000006070000090412000085390480210,143567928728139564569842731231654879684791352957328146875216493412973685396485217,21004800,35
300648000080700006706035084500900000100480700900150000074009620095000003230064800,359648172482791536716235984528976341163482759947153268874319625695827413231564897,254335400,35
000040000000015000000000530000009600000071000000000059000000020000004085001080074,125346798378915462469728531243859617956271843817463259584137926732694185691582374,14020173700,19
500890600002004910000100000020067000400000070090040000000510009004020006000000000,513892647782634915649175238125367894468951372397248561276513489834729156951486723,13800118100,22
390000070000003500008007000630000000000070300409600100500200900100009000900000003,391425678746183529258967431635891742812574396479632185563248917127359864984716253,182032700,22
010004000000615000506000000600000005900806017007090063090060050260109040000700609,312974586849615372576238194681347925935826417427591863798463251263159748154782639,1158124800,29
000010000072006105180209030700600040803790200005431000097160000000900001021570069,354817692972346185186259437719682543843795216265431978597163824638924751421578369,57072400,35
035000079061009502000503000592831007004650091710040850040000005003000000000360004,235186479861479532479523186592831647384657291716942853147298365653714928928365714,49068700,34
800002000401700000002100000000000090040900070070000600000000700000800014000020300,835492167461735289792168435628347591143956872579281643384519726256873914917624358,6000757600,19
600000034802000090001007020269100405470520003500470000135090000086034000900000068,657912834842365197391847526269183475478529613513476289135698742786234951924751368,105034400,34
830000001000080000070001006000000000009000000100000060018003000250000090000000830,832456971461789253975231486326195748549678312187324569718943625253867194694512837,972009200,18
005001008003407001840000000702010980000000000000000030008106009100804060000020010,275361498693487251841259376752613984314598627986742135528136749139874562467925813,295947400,25
200000390000000000300020000900000500100007009060050008090270004021008000040591680,214685397856739241379124856987412563135867429462953718598276134621348975743591682,23851863900,26
100003900607000000000102000000000000010050000000000005000005069004900020000047500,125463978637589142489172356253718694916254783748396215371825469564931827892647531,681659500,19
000853120000070000400000000701400002208016009000000010002000700970100305304600000,697853124123974568485261937761439852238516479549728613812345796976182345354697281,42482200,27
053000470000000005000900010000068100000000000060000500000000600520004030030615900,153286479279143865648957213392568147415729386867431592981372654526894731734615928,4617837200,22
002700008000905470700400001000500000020090006010070003007000000180009240009040005,342716598861935472795428361973561824524893716618274953457182639186359247239647185,281281800,26
802406003000800025600000000006509000400283060000060390503000709000300006040095100,812456973394817625657932418136549287479283561285761394563128749921374856748695132,21023300,30
004300068000000200706080004600790000048102070020005000001000930000003500000000000,214359768385467219796281354653798142948132675127645893561824937472913586839576421,174625100,24
000000000400030708000020500090003060060070200000060000000010080200500070501007392,123758946456139728987426513895243167364871259712965834679312485238594671541687392,4326660600,24
000800060500000097920700400007000000238470610094063800000396700870020000002500000,741839562583642197926751483657918234238475619194263875415396728879124356362587941,337998100,31
380000024400800105600194030000040300010320008063008009835900200940000000000406500,381567924479832165652194837798645312514329678263718459835971246946253781127486593,74472700,33
000900000090000045020013060000520000500000090000090800000000010451200073206004009,147956328693872145825413967769528431582341796314697852938765214451289673276134589,2112607500,25
020060054600900000071050206080016409000074000543280100462800005100000908000020603,829761354654932871371458296287516439916374582543289167462893715135647928798125643,131281900,35
150047200204365170000100000000019000020050000841270395600030900570600034093000060,156947283284365179739128456365819742927453618841276395618534927572691834493782561,38945400,36
030905000000068030009100450860090140700000090090024000000006000304009020500000004,237945618451268739689137452862593147743681295195724863928456371314879526576312984,7848309800,27
004000700080000000502000030020100090073590806100000040000070000000300000000200000,314625789687439125592718634826143597473592816159867243231976458745381962968254371,45521300,20
020000018831000000000100000050760009000054000070800500390612000700000090015000003,427395618831246957569187234253761489186954372974823561398612745742538196615479823,992941800,26
809000020002000000001200000903020000006050000000000000700500390005340060300000051,839164527452738619671295483943621875186457932527983146768512394215349768394876251,699026400,22
060100090970050002340007000080002000500010908190000504050000000000000000620000000,265134897971658342348927156486592713537416928192783564753241689814369275629875431,157043200,23
000500807900004100000006004043050000600200001710090405000400000000183629020000703,264519837937824156581736294843651972659247381712398465396472518475183629128965743,2591817000,29
104000000580400090009007405050296174906174800071305002005701000040000000610040009,134659287587412396269837415853296174926174853471385962395721648742968531618543729,568572500,36
006002000000400000000006020600094002000060000400087060010003008200509000560000009,136752894729418536845936127651394782378265941492187365914673258287549613563821479,1158055700,23
000000200000083500608000070980600400000004090000090006056009800000140020820056000,135467289247983561698215374983671452762534198514892736456329817379148625821756943,363513600,26
000200006008054920030000400000000090020000000000002010700020030000400002206013000,145239786678154923932678451351867294427391865869542317714925638593486172286713549,1612402900,22
000400600080903005050010028002800900700004800005000000100307500406500010000600000,213458697687923145954716328342865971791234856865179432128397564436582719579641283,90375400,26
000100050050640029070000010005370000700200003030009140000031006089060030364098071,293187654851643729476925318915374862748216593632859147527431986189762435364598271,107087000,33
700008204200405000081020000000002000090700500000030900316000700000013000042007018,735168294269475183481329657153942876694781532827536941316854729978213465542697318,32059500,27
010800020020000050000503010000000008106008070902040000000000047200000000700001000,315864729428179356679523814537216498146398275982745163851632947264987531793451682,55589400,21
000908004000014000051000009005000000208097003030006400000005001000009000010000002,326958174789314256451672389695431728248597613137826495873265941562149837914783562,14330144600,22
080006900020300060900071020070020180000000007030010205360000000700065000000702016,183256974427389561956471328574623189218594637639817245361948752742165893895732416,18019300,28
300000902000309784070014306460803090001090000000000403093040800020038009184000230,345687912612359784879214356467823591231495678958761423593142867726538149184976235,253246000,35
457001002000000500000000004000007000200300081300100207500002400024010800600085700,457831692139246578862579134918627345276354981345198267583762419724913856691485723,3757689100,27
000002000000050070548000003000920541209010000001036290007200005865070000004500007,173642859692853174548197623736928541289415736451736298317264985865379412924581367,692589100,30
000001940041000060306040000605007080704000090029400300400000030000100070000800400,257361948841259763396748125635917284784523691129486357412675839968134572573892416,52983800,26
600001900080030000001700002002000007050000010400000300300009600000040080008200005,675421938284935176931786452892314567753692814416578329327859641569147283148263795,35154874197,22
